{
    "accuracy": 0.584,
    "precision": 0.6052631578947368,
    "recall": 0.38333333333333336,
    "auc": 0.6602564102564102
}